html,bytes,entry,production_entry
alchemist-cat-lab.html,393,/src/alchemistCatLab.tsx,false
aurora-cat-lab.html,324,/src/auroraCatLab.tsx,false
autumn-velvet-lab.html,423382,/src/obsessionAxolotlLab.tsx,false
black-cat-motion-lab.html,3746,/src/blackCatMotionLab.js,false
catnap-lab.html,317,/src/catnapLab.tsx,false
cattts-motion-lab.html,3274589,/src/catttsMotionLab.js,false
cattts-raster-lab.html,3593,/src/catttsRasterLab.js,false
ear-lab.html,317,/src/earLab.tsx,true
fallen-lab.html,330,/src/fallenLab.tsx,false
golden-meadow-lab.html,3268,/src/goldenMeadowLab.js,false
index.html,296,/src/main.tsx,true
make-it-scene-lab.html,718,/src/makeItSceneLab.ts,false
midnight-lab.html,322,/src/midnightLab.tsx,false
obsession-axolotl-lab.html,717,/src/obsessionAxolotlLab.tsx,false
obsession-choir-dev.html,327,/src/obsessionChoirDev.tsx,false
obsession-dev.html,271,/src/obsessionDev.tsx,false
ophanim-cat-lab.html,325,/src/ophanimCatLab.tsx,false
ophanim-observer-lab.html,388,/src/ophanimObserverLab.tsx,false
overview-dev.html,298,/src/overviewDev.tsx,false
pond-art-lab.html,931,/src/pondArtLab.ts,false
quietpond-lab.html,717,/src/obsessionAxolotlLab.tsx,false
rain-bench-lab.html,324,/src/rainBenchLab.tsx,false
rain-cat-motion-lab.html,3873,/src/rainCatMotionLab.js,false
rain-dev.html,252,/src/rainDev.tsx,false
source-art-lab.html,1072,/src/sourceArtLab.ts,false
yani-dev.html,340,/src/yaniDev.tsx,true
